,Koramangala,SilkBoard,Indiranagar,MGRoad_CBD,Whitefield,ElectronicCity,Hebbal,Yelahanka,Jayanagar,Malleshwaram
Koramangala,0.0,4.019201515402239,3.5660943379605032,1.5128074184807008,4.074464637371962,5.383204336098103,6.124994909373223,8.34066776652927,3.572934272933588,5.7990577633424225
SilkBoard,4.019201515402239,0.0,3.0357184276220286,4.5028491475244055,4.301472258769736,5.124878457195146,3.969092363430947,5.70038973048994,1.9578936319688778,2.7944702860447133
Indiranagar,3.5660943379605032,3.0357184276220286,0.0,4.259132993214313,4.437673009028529,5.311356201489427,2.9752245040395704,5.691878226345048,1.57856447397555,3.4719087929321653
MGRoad_CBD,1.5128074184807008,4.5028491475244055,4.259132993214313,0.0,4.99761210336788,6.4551178942853555,6.945932028213705,9.239132385698012,4.397946065158982,6.5703904961017745
Whitefield,4.074464637371962,4.301472258769736,4.437673009028529,4.99761210336788,0.0,1.5939442446049101,5.142190866024442,6.016643657016885,3.391267333972607,4.314140045607725
ElectronicCity,5.383204336098103,5.124878457195146,5.311356201489427,6.4551178942853555,1.5939442446049101,0.0,5.273561895626933,5.432376397412982,4.181534293320354,4.426605223544675
Hebbal,6.124994909373223,3.969092363430947,2.9752245040395704,6.945932028213705,5.142190866024442,5.273561895626933,0.0,2.9816637367775485,2.7415158360016987,2.298508460644173
Yelahanka,8.34066776652927,5.70038973048994,5.691878226345048,9.239132385698012,6.016643657016885,5.432376397412982,2.9816637367775485,0.0,4.93055880427965,3.0939871932296175
Jayanagar,3.572934272933588,1.9578936319688778,1.57856447397555,4.397946065158982,3.391267333972607,4.181534293320354,2.7415158360016987,4.93055880427965,0.0,2.4003858824172615
Malleshwaram,5.7990577633424225,2.7944702860447133,3.4719087929321653,6.5703904961017745,4.314140045607725,4.426605223544675,2.298508460644173,3.0939871932296175,2.4003858824172615,0.0
